"","Year","ST","MWh","Carbon","Carbon Intensity"
"1",1990,"AK",5599506,4208809,0.75
"2",1990,"AL",79652133,52936063,0.66
"3",1990,"AR",39099598,23425802,0.6
"4",1990,"AZ",62774297,33111213,0.53
"5",1990,"CA",165784909,52655643,0.32
"6",1990,"CO",32548127,31517085,0.97
"7",1990,"CT",35147247,12103268,0.34
"8",1990,"DC",361043,409724,1.13
"9",1990,"DE",7841500,8884879,1.13
"10",1990,"FL",131502553,91555237,0.7
"11",1990,"GA",102686240,67852693,0.66
"12",1990,"HI",9702752,8063505,0.83
"13",1990,"IA",30044506,29954105,1
"14",1990,"ID",9691475,489043,0.05
"15",1990,"IL",129392471,60761615,0.47
"16",1990,"IN",101417116,99078594,0.98
"17",1990,"KS",34184857,27517046,0.8
"18",1990,"KY",73807286,66691156,0.9
"19",1990,"LA",76465630,44982915,0.59
"20",1990,"MA",39811011,27815932,0.7
"21",1990,"MD",33162292,27349665,0.82
"22",1990,"ME",15946014,5204666,0.33
"23",1990,"MI",100059737,71755088,0.72
"24",1990,"MN",43070376,31917079,0.74
"25",1990,"MO",59352830,48705027,0.82
"26",1990,"MS",25201417,14776544,0.59
"27",1990,"MT",26029772,16129041,0.62
"28",1990,"NC",84925767,48999877,0.58
"29",1990,"ND",26993261,28488254,1.06
"30",1990,"NE",21633587,13557583,0.63
"31",1990,"NH",12405196,5086749,0.41
"32",1990,"NJ",39968834,13636812,0.34
"33",1990,"NM",28820204,28388430,0.99
"34",1990,"NV",20050685,16695190,0.83
"35",1990,"NY",135345692,69088255,0.51
"36",1990,"OH",127980527,110607341,0.86
"37",1990,"OK",47079131,36742054,0.78
"38",1990,"OR",50372236,2055155,0.04
"39",1990,"PA",175623311,109496801,0.62
"40",1990,"RI",1107316,598562,0.54
"41",1990,"SC",71363174,23663802,0.33
"42",1990,"SD",6427473,2760423,0.43
"43",1990,"TN",76187609,53320124,0.7
"44",1990,"TX",281559635,213056168,0.76
"45",1990,"UT",32563539,29225938,0.9
"46",1990,"VA",52564458,28796756,0.55
"47",1990,"VT",5164108,40869,0.01
"48",1990,"WA",102071533,8543576,0.08
"49",1990,"WI",47768857,37540049,0.79
"50",1990,"WV",79539544,72166576,0.91
"51",1990,"WY",39974965,41292161,1.03
"52",1991,"AK",5389828,4070941,0.76
"53",1991,"AL",88786612,57041206,0.64
"54",1991,"AR",40651244,23698346,0.58
"55",1991,"AZ",67202551,33394572,0.5
"56",1991,"CA",158947642,50078259,0.32
"57",1991,"CO",32321593,30806656,0.95
"58",1991,"CT",27036467,11759800,0.43
"59",1991,"DC",179814,232876,1.3
"60",1991,"DE",7838132,8180081,1.04
"61",1991,"FL",139416689,98018490,0.7
"62",1991,"GA",96173131,61373329,0.64
"63",1991,"HI",8703235,6888074,0.79
"64",1991,"IA",32267856,31080670,0.96
"65",1991,"ID",9428619,438133,0.05
"66",1991,"IL",130274345,61880042,0.47
"67",1991,"IN",101981299,98572159,0.97
"68",1991,"KS",32630743,27653627,0.85
"69",1991,"KY",75505081,67800498,0.9
"70",1991,"LA",74972693,44986365,0.6
"71",1991,"MA",41019791,28673709,0.7
"72",1991,"MD",39850884,26984732,0.68
"73",1991,"ME",17344783,4476644,0.26
"74",1991,"MI",105978124,72023901,0.68
"75",1991,"MN",42132110,30651360,0.73
"76",1991,"MO",60474726,48945256,0.81
"77",1991,"MS",25876616,13515747,0.52
"78",1991,"MT",28553148,17503914,0.61
"79",1991,"NC",89375284,49624139,0.56
"80",1991,"ND",27679148,28981390,1.05
"81",1991,"NE",23000347,14449304,0.63
"82",1991,"NH",14221341,4643760,0.33
"83",1991,"NJ",43526466,14277174,0.33
"84",1991,"NM",25277222,24355491,0.96
"85",1991,"NV",22065204,17903070,0.81
"86",1991,"NY",134600499,64916974,0.48
"87",1991,"OH",134036497,113154523,0.84
"88",1991,"OK",49099117,39731508,0.81
"89",1991,"OR",47444889,3851797,0.08
"90",1991,"PA",172762709,108816877,0.63
"91",1991,"RI",2925819,1441377,0.49
"92",1991,"SC",72180007,24058984,0.33
"93",1991,"SD",6572666,2999762,0.46
"94",1991,"TN",76192806,50327054,0.66
"95",1991,"TX",286328708,212364983,0.74
"96",1991,"UT",30505906,27766007,0.91
"97",1991,"VA",54729094,30790666,0.56
"98",1991,"VT",5387985,63731,0.01
"99",1991,"WA",102870562,8767387,0.09
"100",1991,"WI",49356737,39034246,0.79
"101",1991,"WV",73423735,67155004,0.91
"102",1991,"WY",39298388,40261112,1.02
"103",1992,"AK",5298424,3944861,0.74
"104",1992,"AL",95234422,60445089,0.63
"105",1992,"AR",39746101,24164352,0.61
"106",1992,"AZ",70552727,35848193,0.51
"107",1992,"CA",177155459,57981149,0.33
"108",1992,"CO",33295490,31793986,0.95
"109",1992,"CT",29211380,9757623,0.33
"110",1992,"DC",73991,116153,1.57
"111",1992,"DE",6984285,8007499,1.15
"112",1992,"FL",143777143,97048592,0.67
"113",1992,"GA",97358229,59695235,0.61
"114",1992,"HI",9844461,7835266,0.8
"115",1992,"IA",30496927,30170297,0.99
"116",1992,"ID",7463004,651756,0.09
"117",1992,"IL",128046228,58439821,0.46
"118",1992,"IN",101018564,97274159,0.96
"119",1992,"KS",32078493,25010527,0.78
"120",1992,"KY",77351259,68861659,0.89
"121",1992,"LA",73374124,46742758,0.64
"122",1992,"MA",40087655,27126601,0.68
"123",1992,"MD",41177359,26261690,0.64
"124",1992,"ME",15683544,4732587,0.3
"125",1992,"MI",95321939,68608906,0.72
"126",1992,"MN",40258884,31201095,0.78
"127",1992,"MO",56951673,47483961,0.83
"128",1992,"MS",23134963,12034879,0.52
"129",1992,"MT",25899645,18449816,0.71
"130",1992,"NC",89535255,57164897,0.64
"131",1992,"ND",28766897,30133046,1.05
"132",1992,"NE",22425498,13313913,0.59
"133",1992,"NH",15117253,4509273,0.3
"134",1992,"NJ",43664014,15512321,0.36
"135",1992,"NM",28069438,27418019,0.98
"136",1992,"NV",23347543,18569114,0.8
"137",1992,"NY",125948924,60067229,0.48
"138",1992,"OH",137661728,115123382,0.84
"139",1992,"OK",50006448,40163623,0.8
"140",1992,"OR",42345374,4906170,0.12
"141",1992,"PA",179405645,108438142,0.6
"142",1992,"RI",4785205,2324958,0.49
"143",1992,"SC",74170509,23235745,0.31
"144",1992,"SD",6246414,2807813,0.45
"145",1992,"TN",77748112,52814760,0.68
"146",1992,"TX",290292313,211306176,0.73
"147",1992,"UT",33237139,29922294,0.9
"148",1992,"VA",56352354,32495867,0.58
"149",1992,"VT",4870142,45893,0.01
"150",1992,"WA",86482429,11306161,0.13
"151",1992,"WI",48893401,38003606,0.78
"152",1992,"WV",75159914,68901083,0.92
"153",1992,"WY",42473894,44103114,1.04
"154",1993,"AK",5721277,4042337,0.71
"155",1993,"AL",99336996,66833067,0.67
"156",1993,"AR",40498654,21753790,0.54
"157",1993,"AZ",68468986,37628746,0.55
"158",1993,"CA",186990642,54453207,0.29
"159",1993,"CO",34240183,32496802,0.95
"160",1993,"CT",32884571,8632695,0.26
"161",1993,"DC",188452,225379,1.2
"162",1993,"DE",9017680,8933601,0.99
"163",1993,"FL",151934156,100571022,0.66
"164",1993,"GA",101447571,64342269,0.63
"165",1993,"HI",9943687,7770495,0.78
"166",1993,"IA",32049013,32348095,1.01
"167",1993,"ID",10533433,705842,0.07
"168",1993,"IL",143453091,70043871,0.49
"169",1993,"IN",103635138,100580831,0.97
"170",1993,"KS",36742567,30332819,0.83
"171",1993,"KY",84997718,77072488,0.91
"172",1993,"LA",78975535,48940387,0.62
"173",1993,"MA",37079208,24698273,0.67
"174",1993,"MD",44977888,28633539,0.64
"175",1993,"ME",15614272,4703721,0.3
"176",1993,"MI",106368549,69774793,0.66
"177",1993,"MN",44040635,33332651,0.76
"178",1993,"MO",53552969,43192898,0.81
"179",1993,"MS",25941526,15073971,0.58
"180",1993,"MT",23872854,15141991,0.63
"181",1993,"NC",95314444,61925409,0.65
"182",1993,"ND",28663410,30446443,1.06
"183",1993,"NE",22760857,15699003,0.69
"184",1993,"NH",16242760,4666455,0.29
"185",1993,"NJ",48344882,16170158,0.33
"186",1993,"NM",28744528,27924222,0.97
"187",1993,"NV",23502472,18189579,0.77
"188",1993,"NY",124221031,53612658,0.43
"189",1993,"OH",135237292,118767037,0.88
"190",1993,"OK",53159673,42104000,0.79
"191",1993,"OR",41909585,4712201,0.11
"192",1993,"PA",181214132,112189667,0.62
"193",1993,"RI",4665296,2178511,0.47
"194",1993,"SC",78174835,26383432,0.34
"195",1993,"SD",5255511,2814491,0.54
"196",1993,"TN",73884199,61217375,0.83
"197",1993,"TX",299688715,227087867,0.76
"198",1993,"UT",34058102,30694042,0.9
"199",1993,"VA",61243510,37069143,0.61
"200",1993,"VT",4643765,21933,0
"201",1993,"WA",87995776,11142703,0.13
"202",1993,"WI",50238552,39404534,0.78
"203",1993,"WV",74749164,68542464,0.92
"204",1993,"WY",40771354,41829693,1.03
"205",1994,"AK",5966516,4110851,0.69
"206",1994,"AL",100764257,63295247,0.63
"207",1994,"AR",42032148,24147764,0.57
"208",1994,"AZ",71934496,39019080,0.54
"209",1994,"CA",186191991,62249141,0.33
"210",1994,"CO",35651911,33837025,0.95
"211",1994,"CT",31178917,8510176,0.27
"212",1994,"DC",274252,311401,1.14
"213",1994,"DE",9230276,8692568,0.94
"214",1994,"FL",158146846,104093625,0.66
"215",1994,"GA",104356409,67015159,0.64
"216",1994,"HI",10108902,7967348,0.79
"217",1994,"IA",33167006,32714368,0.99
"218",1994,"ID",8726797,672881,0.08
"219",1994,"IL",141299295,72699045,0.51
"220",1994,"IN",107182057,104020716,0.97
"221",1994,"KS",37619869,30411541,0.81
"222",1994,"KY",84097034,75497086,0.9
"223",1994,"LA",79385961,49648064,0.63
"224",1994,"MA",37939064,24990746,0.66
"225",1994,"MD",45339618,29532270,0.65
"226",1994,"ME",16456150,4753246,0.29
"227",1994,"MI",98307389,75231764,0.77
"228",1994,"MN",43897655,33746989,0.77
"229",1994,"MO",61877678,50700855,0.82
"230",1994,"MS",28670498,15327371,0.53
"231",1994,"MT",25152849,17895807,0.71
"232",1994,"NC",100828662,56740401,0.56
"233",1994,"ND",29155825,30403743,1.04
"234",1994,"NE",21983131,15100371,0.69
"235",1994,"NH",13462499,4633224,0.34
"236",1994,"NJ",48435342,18743763,0.39
"237",1994,"NM",30390674,28929813,0.95
"238",1994,"NV",24517727,19657512,0.8
"239",1994,"NY",126029572,53403960,0.42
"240",1994,"OH",131763610,114359429,0.87
"241",1994,"OK",50058772,41123722,0.82
"242",1994,"OR",38440812,5940563,0.15
"243",1994,"PA",184078701,108269735,0.59
"244",1994,"RI",4732920,2318863,0.49
"245",1994,"SC",76942522,27125614,0.35
"246",1994,"SD",7991260,3092294,0.39
"247",1994,"TN",78334957,55229017,0.71
"248",1994,"TX",307179524,221911075,0.72
"249",1994,"UT",35196834,31604659,0.9
"250",1994,"VA",62048924,35268007,0.57
"251",1994,"VT",5617030,21046,0
"252",1994,"WA",88586476,12715713,0.14
"253",1994,"WI",52358955,41722338,0.8
"254",1994,"WV",81429542,74496266,0.91
"255",1994,"WY",43002285,44235139,1.03
"256",1995,"AK",6026116,4096318,0.68
"257",1995,"AL",105189366,68645659,0.65
"258",1995,"AR",41972088,25880242,0.62
"259",1995,"AZ",69780939,33338832,0.48
"260",1995,"CA",181463341,50272755,0.28
"261",1995,"CO",35617234,32895064,0.92
"262",1995,"CT",31472468,9734994,0.31
"263",1995,"DC",188862,222718,1.18
"264",1995,"DE",9032837,8093506,0.9
"265",1995,"FL",167414372,105950209,0.63
"266",1995,"GA",107878596,71705311,0.66
"267",1995,"HI",10303983,8350113,0.81
"268",1995,"IA",34752928,34812495,1
"269",1995,"ID",11844605,747375,0.06
"270",1995,"IL",148657931,73662901,0.5
"271",1995,"IN",109156846,105825940,0.97
"272",1995,"KS",38420705,29244571,0.76
"273",1995,"KY",86165836,77902133,0.9
"274",1995,"LA",84559724,51483937,0.61
"275",1995,"MA",37654481,23888655,0.63
"276",1995,"MD",46365643,28555441,0.62
"277",1995,"ME",9763051,4898432,0.5
"278",1995,"MI",107444612,75173155,0.7
"279",1995,"MN",45170884,33940356,0.75
"280",1995,"MO",65720958,56528247,0.86
"281",1995,"MS",28980861,16595470,0.57
"282",1995,"MT",25961314,16853088,0.65
"283",1995,"NC",106294656,59948849,0.56
"284",1995,"ND",29004247,29599547,1.02
"285",1995,"NE",25304300,17123703,0.68
"286",1995,"NH",15434379,4540768,0.29
"287",1995,"NJ",45098658,20147546,0.45
"288",1995,"NM",29831159,28603320,0.96
"289",1995,"NV",23963994,18078138,0.75
"290",1995,"NY",133413281,56978586,0.43
"291",1995,"OH",139343902,116389826,0.84
"292",1995,"OK",52667367,43174445,0.82
"293",1995,"OR",45265553,3310687,0.07
"294",1995,"PA",185451311,111784993,0.6
"295",1995,"RI",4488213,2178431,0.49
"296",1995,"SC",80913648,26414895,0.33
"297",1995,"SD",8811793,2954277,0.34
"298",1995,"TN",85730835,59326663,0.69
"299",1995,"TX",317636246,222315638,0.7
"300",1995,"UT",32807388,29680212,0.9
"301",1995,"VA",62996021,36573258,0.58
"302",1995,"VT",5160062,24184,0
"303",1995,"WA",102197586,9640940,0.09
"304",1995,"WI",53923131,43704133,0.81
"305",1995,"WV",80537427,74645559,0.93
"306",1995,"WY",40251609,41569580,1.03
"307",1996,"AK",6128892,4182692,0.68
"308",1996,"AL",121472911,74712068,0.62
"309",1996,"AR",46033563,28255337,0.61
"310",1996,"AZ",71654818,33395643,0.47
"311",1996,"CA",175263204,47130922,0.27
"312",1996,"CO",37137360,34575440,0.93
"313",1996,"CT",20211398,11302977,0.56
"314",1996,"DC",109809,135710,1.24
"315",1996,"DE",8854449,7942994,0.9
"316",1996,"FL",167084936,111002746,0.66
"317",1996,"GA",104320041,70949452,0.68
"318",1996,"HI",10627894,8532104,0.8
"319",1996,"IA",34688615,34759506,1
"320",1996,"ID",14089808,689317,0.05
"321",1996,"IL",147733029,81669703,0.55
"322",1996,"IN",109902102,109005714,0.99
"323",1996,"KS",39942156,33492050,0.84
"324",1996,"KY",88447496,80180350,0.91
"325",1996,"LA",77739896,47709780,0.61
"326",1996,"MA",37954020,23362782,0.62
"327",1996,"MD",46274617,29198283,0.63
"328",1996,"ME",14934373,4498728,0.3
"329",1996,"MI",112518309,77660098,0.69
"330",1996,"MN",44328439,34536206,0.78
"331",1996,"MO",68122528,59199597,0.87
"332",1996,"MS",31277282,18458976,0.59
"333",1996,"MT",26837425,14127981,0.53
"334",1996,"NC",112197741,67661171,0.6
"335",1996,"ND",30908490,30949417,1
"336",1996,"NE",27351109,17123712,0.63
"337",1996,"NH",17063649,4332766,0.25
"338",1996,"NJ",37716583,19116502,0.51
"339",1996,"NM",30161290,29171511,0.97
"340",1996,"NV",25580408,19466283,0.76
"341",1996,"NY",135732249,52924242,0.39
"342",1996,"OH",144437214,124329626,0.86
"343",1996,"OK",51849620,44218223,0.85
"344",1996,"OR",51011774,3848781,0.08
"345",1996,"PA",191872623,115798095,0.6
"346",1996,"RI",7720036,3661370,0.47
"347",1996,"SC",78768552,30402594,0.39
"348",1996,"SD",10066274,2660598,0.26
"349",1996,"TN",92122368,58496980,0.63
"350",1996,"TX",328948933,232746095,0.71
"351",1996,"UT",32951861,29946785,0.91
"352",1996,"VA",66895127,39617782,0.59
"353",1996,"VT",5350119,8541,0
"354",1996,"WA",118658132,12061069,0.1
"355",1996,"WI",54417737,46023168,0.85
"356",1996,"WV",87244388,79310838,0.91
"357",1996,"WY",41471996,42436336,1.02
"358",1997,"AK",6154847,4502336,0.73
"359",1997,"AL",119542332,72920310,0.61
"360",1997,"AR",45193600,26629702,0.59
"361",1997,"AZ",78825200,36339950,0.46
"362",1997,"CA",172797595,50126323,0.29
"363",1997,"CO",37642561,34811959,0.92
"364",1997,"CT",17674298,14495967,0.82
"365",1997,"DC",70661,90820,1.29
"366",1997,"DE",7222635,6897554,0.95
"367",1997,"FL",168246993,115260155,0.69
"368",1997,"GA",107625958,74925269,0.7
"369",1997,"HI",10312247,8460367,0.82
"370",1997,"IA",35418940,35830609,1.01
"371",1997,"ID",15589010,852311,0.05
"372",1997,"IL",135140769,86148207,0.64
"373",1997,"IN",114728907,113669751,0.99
"374",1997,"KS",37917485,31203960,0.82
"375",1997,"KY",91572095,83103998,0.91
"376",1997,"LA",82821643,51856024,0.63
"377",1997,"MA",44965328,28996512,0.64
"378",1997,"MD",46707396,29230920,0.63
"379",1997,"ME",10333406,4732042,0.46
"380",1997,"MI",106970759,77408652,0.72
"381",1997,"MN",43240295,35237089,0.81
"382",1997,"MO",71374185,62573713,0.88
"383",1997,"MS",33678952,19770752,0.59
"384",1997,"MT",28586946,16370946,0.57
"385",1997,"NC",115494689,71155709,0.62
"386",1997,"ND",29852603,29672448,0.99
"387",1997,"NE",28449267,18388633,0.65
"388",1997,"NH",15880223,5313607,0.33
"389",1997,"NJ",41756261,19979121,0.48
"390",1997,"NM",31462357,30364014,0.97
"391",1997,"NV",27031522,19340577,0.72
"392",1997,"NY",140831648,58620131,0.42
"393",1997,"OH",142811248,121388295,0.85
"394",1997,"OK",52863977,45212194,0.86
"395",1997,"OR",52412854,3384659,0.06
"396",1997,"PA",193463198,117543580,0.61
"397",1997,"RI",7709553,3578219,0.46
"398",1997,"SC",80828058,31462282,0.39
"399",1997,"SD",12449501,3560152,0.29
"400",1997,"TN",96814073,62082149,0.64
"401",1997,"TX",336319510,239510695,0.71
"402",1997,"UT",34712212,30957857,0.89
"403",1997,"VA",68515334,40041132,0.58
"404",1997,"VT",5680538,17372,0
"405",1997,"WA",122126167,10225661,0.08
"406",1997,"WI",51414008,49632034,0.97
"407",1997,"WV",91528877,83367934,0.91
"408",1997,"WY",41409562,42076867,1.02
"409",1998,"AK",5828845,4301746,0.74
"410",1998,"AL",119862125,75377982,0.63
"411",1998,"AR",45665301,28319158,0.62
"412",1998,"AZ",82095072,38697165,0.47
"413",1998,"CA",189600706,53189522,0.28
"414",1998,"CO",38881563,36186835,0.93
"415",1998,"CT",19691492,13336399,0.68
"416",1998,"DC",243975,262858,1.08
"417",1998,"DE",6898585,6651240,0.96
"418",1998,"FL",189628996,126257415,0.67
"419",1998,"GA",115323706,77202255,0.67
"420",1998,"HI",10228082,8362928,0.82
"421",1998,"IA",38448789,39428679,1.03
"422",1998,"ID",13908673,934713,0.07
"423",1998,"IL",138464562,86386051,0.62
"424",1998,"IN",117471525,115168011,0.98
"425",1998,"KS",41585228,31844215,0.77
"426",1998,"KY",90933028,83251478,0.92
"427",1998,"LA",89648611,56497278,0.63
"428",1998,"MA",45683616,29681388,0.65
"429",1998,"MD",50653017,32352997,0.64
"430",1998,"ME",11003317,5589761,0.51
"431",1998,"MI",100477394,82134639,0.82
"432",1998,"MN",48017905,36308466,0.76
"433",1998,"MO",75187346,66318723,0.88
"434",1998,"MS",34409056,21523671,0.63
"435",1998,"MT",28460518,18710561,0.66
"436",1998,"NC",121378824,71112794,0.59
"437",1998,"ND",30671951,31665125,1.03
"438",1998,"NE",28796791,19671629,0.68
"439",1998,"NH",16088853,5195804,0.32
"440",1998,"NJ",53857633,18937654,0.35
"441",1998,"NM",32324069,30947724,0.96
"442",1998,"NV",30613520,21340698,0.7
"443",1998,"NY",144863248,62654179,0.43
"444",1998,"OH",147940057,125309129,0.85
"445",1998,"OK",56229243,45754404,0.81
"446",1998,"OR",51148484,6952184,0.14
"447",1998,"PA",191191518,120487422,0.63
"448",1998,"RI",7674511,3624617,0.47
"449",1998,"SC",87246561,33061372,0.38
"450",1998,"SD",9088990,3427790,0.38
"451",1998,"TN",97728457,60882863,0.62
"452",1998,"TX",355320164,249202591,0.7
"453",1998,"UT",35910430,31825738,0.89
"454",1998,"VA",72199439,42693636,0.59
"455",1998,"VT",4946297,56216,0.01
"456",1998,"WA",102158508,12753375,0.12
"457",1998,"WI",56447431,48882754,0.87
"458",1998,"WV",92822186,84195910,0.91
"459",1998,"WY",45347296,46687775,1.03
"460",1999,"AK",5802308,4383612,0.76
"461",1999,"AL",120657508,76751388,0.64
"462",1999,"AR",46553939,29491101,0.63
"463",1999,"AZ",83893173,40972263,0.49
"464",1999,"CA",188319223,57884698,0.31
"465",1999,"CO",39521288,36304582,0.92
"466",1999,"CT",28596898,12142470,0.42
"467",1999,"DC",230003,255115,1.11
"468",1999,"DE",6851738,6235919,0.91
"469",1999,"FL",187263426,122573827,0.65
"470",1999,"GA",117338745,79038031,0.67
"471",1999,"HI",10403926,8385850,0.81
"472",1999,"IA",38801481,39756468,1.02
"473",1999,"ID",14436648,940409,0.07
"474",1999,"IL",163410520,87522008,0.54
"475",1999,"IN",121764501,117839053,0.97
"476",1999,"KS",42070230,33968916,0.81
"477",1999,"KY",92681908,85792874,0.93
"478",1999,"LA",89941753,56634505,0.63
"479",1999,"MA",40575392,26724428,0.66
"480",1999,"MD",51685621,33446735,0.65
"481",1999,"ME",12673929,6911386,0.55
"482",1999,"MI",103239715,81470511,0.79
"483",1999,"MN",48519379,34992085,0.72
"484",1999,"MO",73815710,65614032,0.89
"485",1999,"MS",34844972,22423858,0.64
"486",1999,"MT",31419334,18822390,0.6
"487",1999,"NC",117357615,70314972,0.6
"488",1999,"ND",31417403,31938615,1.02
"489",1999,"NE",30055751,18985676,0.63
"490",1999,"NH",16189247,5079017,0.31
"491",1999,"NJ",56803421,19740780,0.35
"492",1999,"NM",32521856,31488063,0.97
"493",1999,"NV",30532131,21339346,0.7
"494",1999,"NY",146280866,62785864,0.43
"495",1999,"OH",142330431,120740346,0.85
"496",1999,"OK",54865359,44627820,0.81
"497",1999,"OR",56848347,7059457,0.12
"498",1999,"PA",194528045,116668376,0.6
"499",1999,"RI",6376881,3176644,0.5
"500",1999,"SC",90233508,35675735,0.4
"501",1999,"SD",10557027,3852002,0.36
"502",1999,"TN",93320137,60159554,0.64
"503",1999,"TX",358944744,254984959,0.71
"504",1999,"UT",36784628,32626985,0.89
"505",1999,"VA",73897611,44234259,0.6
"506",1999,"VT",5703593,43639,0.01
"507",1999,"WA",117084018,12203929,0.1
"508",1999,"WI",58538854,49580188,0.85
"509",1999,"WV",94692596,86781613,0.92
"510",1999,"WY",43632491,44935943,1.03
"511",2000,"AK",6156525,4557844,0.74
"512",2000,"AL",124405340,81514997,0.66
"513",2000,"AR",43875766,29063712,0.66
"514",2000,"AZ",88946577,45871580,0.52
"515",2000,"CA",208082483,67796616,0.33
"516",2000,"CO",44165546,40086456,0.91
"517",2000,"CT",32967570,12651961,0.38
"518",2000,"DC",144374,171097,1.19
"519",2000,"DE",5987451,6079638,1.02
"520",2000,"FL",191815840,124961665,0.65
"521",2000,"GA",123877413,82586507,0.67
"522",2000,"HI",10593403,8679080,0.82
"523",2000,"IA",41542010,41883759,1.01
"524",2000,"ID",11910442,827642,0.07
"525",2000,"IL",178496081,94743180,0.53
"526",2000,"IN",127819516,124067379,0.97
"527",2000,"KS",44815905,37150712,0.83
"528",2000,"KY",93006083,87586033,0.94
"529",2000,"LA",92865635,58091659,0.63
"530",2000,"MA",38697881,24816199,0.64
"531",2000,"MD",51145380,32475849,0.63
"532",2000,"ME",14047947,6603677,0.47
"533",2000,"MI",104209594,78856819,0.76
"534",2000,"MN",51423339,37860367,0.74
"535",2000,"MO",76593939,67067004,0.88
"536",2000,"MS",37614563,22531261,0.6
"537",2000,"MT",26451828,17895679,0.68
"538",2000,"NC",122274356,74166284,0.61
"539",2000,"ND",31311196,32613775,1.04
"540",2000,"NE",29109863,19808956,0.68
"541",2000,"NH",15031499,4905732,0.33
"542",2000,"NJ",58085215,21995566,0.38
"543",2000,"NM",34022020,32511731,0.96
"544",2000,"NV",35484915,24759708,0.7
"545",2000,"NY",138079075,61904323,0.45
"546",2000,"OH",149060280,126099701,0.85
"547",2000,"OK",55571957,46903568,0.84
"548",2000,"OR",51789975,8258961,0.16
"549",2000,"PA",201687980,124249476,0.62
"550",2000,"RI",5971545,2879235,0.48
"551",2000,"SC",93346240,38548125,0.41
"552",2000,"SD",9697337,3976825,0.41
"553",2000,"TN",95838584,65015286,0.68
"554",2000,"TX",377742365,264816156,0.7
"555",2000,"UT",36609074,33253756,0.91
"556",2000,"VA",77189370,48560600,0.63
"557",2000,"VT",6303014,141416,0.02
"558",2000,"WA",108236880,15725541,0.15
"559",2000,"WI",59644417,51616942,0.87
"560",2000,"WV",92865176,85341005,0.92
"561",2000,"WY",45494280,46303405,1.02
"562",2001,"AK",6743766,4632282,0.69
"563",2001,"AL",125345113,78799719,0.63
"564",2001,"AR",47192035,28486171,0.6
"565",2001,"AZ",89911272,47009012,0.52
"566",2001,"CA",198596075,71663002,0.36
"567",2001,"CO",46876002,42365441,0.9
"568",2001,"CT",30490646,11412481,0.37
"569",2001,"DC",123239,163811,1.33
"570",2001,"DE",6807684,6083464,0.89
"571",2001,"FL",190945344,123561554,0.65
"572",2001,"GA",118316789,76636948,0.65
"573",2001,"HI",10633093,8806171,0.83
"574",2001,"IA",40658512,41529238,1.02
"575",2001,"ID",9346941,1100957,0.12
"576",2001,"IL",179249285,93152264,0.52
"577",2001,"IN",122569673,118634192,0.97
"578",2001,"KS",44748523,35931847,0.8
"579",2001,"KY",95417626,88534588,0.93
"580",2001,"LA",87894377,54979858,0.63
"581",2001,"MA",38478434,24788116,0.64
"582",2001,"MD",49062340,30756587,0.63
"583",2001,"ME",19564821,8860004,0.45
"584",2001,"MI",111845610,77963631,0.7
"585",2001,"MN",48523226,36547940,0.75
"586",2001,"MO",79544873,70203877,0.88
"587",2001,"MS",53446452,31528785,0.59
"588",2001,"MT",24232485,18525735,0.76
"589",2001,"NC",117495850,71259177,0.61
"590",2001,"ND",30332072,32084907,1.06
"591",2001,"NE",30485212,21452749,0.7
"592",2001,"NH",15074624,4545555,0.3
"593",2001,"NJ",59421260,21939053,0.37
"594",2001,"NM",33611643,31736959,0.94
"595",2001,"NV",33875966,24138991,0.71
"596",2001,"NY",143914559,61003289,0.42
"597",2001,"OH",142261807,119694752,0.84
"598",2001,"OK",55249450,46680919,0.84
"599",2001,"OR",45051906,9378502,0.21
"600",2001,"PA",196576591,113308741,0.58
"601",2001,"RI",7501892,3446127,0.46
"602",2001,"SC",89158987,35957821,0.4
"603",2001,"SD",7400743,3961649,0.54
"604",2001,"TN",96221976,62049590,0.64
"605",2001,"TX",372580002,255717361,0.69
"606",2001,"UT",35853750,32881889,0.92
"607",2001,"VA",74104750,47182828,0.64
"608",2001,"VT",5480614,43519,0.01
"609",2001,"WA",83048669,15682175,0.19
"610",2001,"WI",58763431,49803941,0.85
"611",2001,"WV",81836725,75676416,0.92
"612",2001,"WY",44776938,46322138,1.03
"613",2002,"AK",6767325,4454235,0.66
"614",2002,"AL",132920670,80937579,0.61
"615",2002,"AR",47611645,27369201,0.57
"616",2002,"AZ",94131666,46006334,0.49
"617",2002,"CA",184210031,60018466,0.33
"618",2002,"CO",45600388,41625334,0.91
"619",2002,"CT",31311219,10380989,0.33
"620",2002,"DC",261980,264116,1.01
"621",2002,"DE",6002489,6069892,1.01
"622",2002,"FL",203352775,125433579,0.62
"623",2002,"GA",126512215,82683116,0.65
"624",2002,"HI",11663070,9347007,0.8
"625",2002,"IA",42528384,41583207,0.98
"626",2002,"ID",9786933,773354,0.08
"627",2002,"IL",188054449,97104215,0.52
"628",2002,"IN",125608140,116776648,0.93
"629",2002,"KS",47188446,39217537,0.83
"630",2002,"KY",92106668,88104176,0.96
"631",2002,"LA",94970964,55435493,0.58
"632",2002,"MA",42027818,25314050,0.6
"633",2002,"MD",48279088,31515622,0.65
"634",2002,"ME",22535033,10220074,0.45
"635",2002,"MI",117889087,75225298,0.64
"636",2002,"MN",52777965,37929001,0.72
"637",2002,"MO",81162198,70929592,0.87
"638",2002,"MS",42888812,23537846,0.55
"639",2002,"MT",25473705,16835092,0.66
"640",2002,"NC",124468030,73406106,0.59
"641",2002,"ND",31306312,32444366,1.04
"642",2002,"NE",31618494,20802008,0.66
"643",2002,"NH",15953078,4604127,0.29
"644",2002,"NJ",61569387,22152669,0.36
"645",2002,"NM",30661707,29628029,0.97
"646",2002,"NV",32088935,21284230,0.66
"647",2002,"NY",139591688,56261095,0.4
"648",2002,"OH",147068850,124431792,0.85
"649",2002,"OK",59183419,48873358,0.83
"650",2002,"OR",47099369,7211682,0.15
"651",2002,"PA",204322878,119989900,0.59
"652",2002,"RI",7056765,3098409,0.44
"653",2002,"SC",96563498,36957213,0.38
"654",2002,"SD",7721958,3452284,0.45
"655",2002,"TN",96114262,59803142,0.62
"656",2002,"TX",385628542,258398088,0.67
"657",2002,"UT",36608003,33811563,0.92
"658",2002,"VA",75005651,47115442,0.63
"659",2002,"VT",5456190,15156,0
"660",2002,"WA",102765048,12704050,0.12
"661",2002,"WI",58431438,49603569,0.85
"662",2002,"WV",94761751,87546412,0.92
"663",2002,"WY",43783839,45277347,1.03
"664",2003,"AK",6338732,3985504,0.63
"665",2003,"AL",137487222,81285455,0.59
"666",2003,"AR",50401101,27667311,0.55
"667",2003,"AZ",94396218,47259404,0.5
"668",2003,"CA",192788542,56308410,0.29
"669",2003,"CO",46616787,41177880,0.88
"670",2003,"CT",29545050,9638570,0.33
"671",2003,"DC",74144,82884,1.12
"672",2003,"DE",7392287,7065896,0.96
"673",2003,"FL",212610011,130010324,0.61
"674",2003,"GA",124076834,80255289,0.65
"675",2003,"HI",10976371,8750034,0.8
"676",2003,"IA",42116192,41314218,0.98
"677",2003,"ID",10422935,1113978,0.11
"678",2003,"IL",189055260,96422989,0.51
"679",2003,"IN",124888217,118058687,0.95
"680",2003,"KS",46567560,39127851,0.84
"681",2003,"KY",91718820,86472754,0.94
"682",2003,"LA",94885040,56439988,0.59
"683",2003,"MA",48385024,27439829,0.57
"684",2003,"MD",52244237,32967869,0.63
"685",2003,"ME",18971635,7765449,0.41
"686",2003,"MI",111347060,74192255,0.67
"687",2003,"MN",55050995,40313628,0.73
"688",2003,"MO",87225087,76952032,0.88
"689",2003,"MS",40148278,23637716,0.59
"690",2003,"MT",26268726,18979903,0.72
"691",2003,"NC",127582319,72713383,0.57
"692",2003,"ND",31322129,32033233,1.02
"693",2003,"NE",30455984,21753787,0.71
"694",2003,"NH",21597107,7671830,0.36
"695",2003,"NJ",57399351,20380767,0.36
"696",2003,"NM",32735653,31688582,0.97
"697",2003,"NV",33194888,23262131,0.7
"698",2003,"NY",137643316,57482457,0.42
"699",2003,"OH",146638128,129092112,0.88
"700",2003,"OK",60626856,49235262,0.81
"701",2003,"OR",48966139,8868067,0.18
"702",2003,"PA",206349513,120407850,0.58
"703",2003,"RI",5621145,2412572,0.43
"704",2003,"SC",93772677,37035445,0.39
"705",2003,"SD",7943837,3712283,0.47
"706",2003,"TN",92221791,56480946,0.61
"707",2003,"TX",379199685,257680836,0.68
"708",2003,"UT",38023666,34773081,0.91
"709",2003,"VA",75309420,46592359,0.62
"710",2003,"VT",6027962,25715,0
"711",2003,"WA",100094691,15257037,0.15
"712",2003,"WI",60122425,49184627,0.82
"713",2003,"WV",94711554,86554548,0.91
"714",2003,"WY",43626602,46109283,1.06
"715",2004,"AK",6526717,4777493,0.73
"716",2004,"AL",137354771,81327843,0.59
"717",2004,"AR",51927632,28844028,0.56
"718",2004,"AZ",104564143,52899987,0.51
"719",2004,"CA",194780355,60169585,0.31
"720",2004,"CO",47869492,41180445,0.86
"721",2004,"CT",32633408,10406046,0.32
"722",2004,"DC",36487,56473,1.55
"723",2004,"DE",7855553,6593669,0.84
"724",2004,"FL",218117928,131119228,0.6
"725",2004,"GA",126812715,82761783,0.65
"726",2004,"HI",11410403,9202569,0.81
"727",2004,"IA",43248189,41883298,0.97
"728",2004,"ID",10863039,1308735,0.12
"729",2004,"IL",191957778,102824660,0.54
"730",2004,"IN",127770396,120767494,0.95
"731",2004,"KS",46782659,38360643,0.82
"732",2004,"KY",94529947,88209447,0.93
"733",2004,"LA",98172309,58958441,0.6
"734",2004,"MA",47500483,26284975,0.55
"735",2004,"MD",52052770,32367157,0.62
"736",2004,"ME",19098885,7389671,0.39
"737",2004,"MI",118487269,78571552,0.66
"738",2004,"MN",52364127,38954030,0.74
"739",2004,"MO",87632910,78110786,0.89
"740",2004,"MS",43662613,25591080,0.59
"741",2004,"MT",26788768,19625278,0.73
"742",2004,"NC",126329957,73303602,0.58
"743",2004,"ND",29936106,30657207,1.02
"744",2004,"NE",32008709,21337237,0.67
"745",2004,"NH",23875787,8245530,0.35
"746",2004,"NJ",55882342,21488422,0.38
"747",2004,"NM",32940361,31786086,0.96
"748",2004,"NV",37667435,25208691,0.67
"749",2004,"NY",137964794,58100964,0.42
"750",2004,"OH",148345905,124743947,0.84
"751",2004,"OK",60729560,47637616,0.78
"752",2004,"OR",51381278,9252357,0.18
"753",2004,"PA",214658501,123011777,0.57
"754",2004,"RI",4939420,2117909,0.43
"755",2004,"SC",97939929,40419972,0.41
"756",2004,"SD",7510214,3946780,0.53
"757",2004,"TN",97594542,59308064,0.61
"758",2004,"TX",390299132,259415102,0.66
"759",2004,"UT",38211977,35522175,0.93
"760",2004,"VA",78900040,47310700,0.6
"761",2004,"VT",5470379,21795,0
"762",2004,"WA",102165052,15184547,0.15
"763",2004,"WI",60444933,50633047,0.84
"764",2004,"WV",89749562,82998289,0.92
"765",2004,"WY",44807604,46783346,1.04
"766",2005,"AK",6576659,4363970,0.66
"767",2005,"AL",137948581,84852496,0.62
"768",2005,"AR",47794509,26774595,0.56
"769",2005,"AZ",101478654,52003381,0.51
"770",2005,"CA",200292818,54998800,0.27
"771",2005,"CO",49616694,41397258,0.83
"772",2005,"CT",33549747,11661195,0.35
"773",2005,"DC",226042,235930,1.04
"774",2005,"DE",8136568,6878349,0.85
"775",2005,"FL",220256412,131543370,0.6
"776",2005,"GA",136667892,90381396,0.66
"777",2005,"HI",11522805,9132383,0.79
"778",2005,"IA",44156160,40868691,0.93
"779",2005,"ID",10824984,1345063,0.12
"780",2005,"IL",194120146,102379235,0.53
"781",2005,"IN",130371573,123662415,0.95
"782",2005,"KS",45862696,38271496,0.83
"783",2005,"KY",97822419,91358627,0.93
"784",2005,"LA",92616878,57660206,0.62
"785",2005,"MA",47515443,27062525,0.57
"786",2005,"MD",52661600,33693613,0.64
"787",2005,"ME",18843978,7112126,0.38
"788",2005,"MI",121619771,79856370,0.66
"789",2005,"MN",53018995,39515690,0.75
"790",2005,"MO",90828230,81162863,0.89
"791",2005,"MS",45067453,25372776,0.56
"792",2005,"MT",27938778,19874590,0.71
"793",2005,"NC",129748578,76747984,0.59
"794",2005,"ND",31932615,33138715,1.04
"795",2005,"NE",31464734,22064440,0.7
"796",2005,"NH",24470013,8240488,0.34
"797",2005,"NJ",60549583,21292110,0.35
"798",2005,"NM",35135642,33273880,0.95
"799",2005,"NV",40213752,26198706,0.65
"800",2005,"NY",146887419,61025172,0.42
"801",2005,"OH",156976323,133416545,0.85
"802",2005,"OK",68607827,52152417,0.76
"803",2005,"OR",49325003,9053319,0.18
"804",2005,"PA",218091125,128122806,0.59
"805",2005,"RI",6053294,2616011,0.43
"806",2005,"SC",102514665,41317569,0.4
"807",2005,"SD",6520769,3354763,0.51
"808",2005,"TN",97117165,60633908,0.62
"809",2005,"TX",396668722,261332154,0.66
"810",2005,"UT",38165131,36324016,0.95
"811",2005,"VA",78943045,48216112,0.61
"812",2005,"VT",5716755,13713,0
"813",2005,"WA",101965850,15114853,0.15
"814",2005,"WI",61824664,54801760,0.89
"815",2005,"WV",93626285,85763969,0.92
"816",2005,"WY",45567307,46203344,1.01
"817",2006,"AK",6674197,4626714,0.69
"818",2006,"AL",140895441,86153475,0.61
"819",2006,"AR",52168703,28931255,0.55
"820",2006,"AZ",104392528,54011744,0.52
"821",2006,"CA",216798688,59732083,0.28
"822",2006,"CO",50698353,42426438,0.84
"823",2006,"CT",34681736,11168503,0.32
"824",2006,"DC",81467,100086,1.23
"825",2006,"DE",7182179,5949222,0.83
"826",2006,"FL",223751621,127682396,0.57
"827",2006,"GA",138010208,91020065,0.66
"828",2006,"HI",11559174,9137742,0.79
"829",2006,"IA",45483462,41245276,0.91
"830",2006,"ID",13386085,881629,0.07
"831",2006,"IL",192426958,101074424,0.53
"832",2006,"IN",130489788,123526658,0.95
"833",2006,"KS",45523736,36233978,0.8
"834",2006,"KY",98792014,94237532,0.95
"835",2006,"LA",90921829,54650472,0.6
"836",2006,"MA",45597775,23910898,0.52
"837",2006,"MD",48956880,30836077,0.63
"838",2006,"ME",16816173,5677284,0.34
"839",2006,"MI",112556738,76717532,0.68
"840",2006,"MN",53237789,38183082,0.72
"841",2006,"MO",91686343,80421743,0.88
"842",2006,"MS",46228847,26035084,0.56
"843",2006,"MT",28243536,19403772,0.69
"844",2006,"NC",125214784,73963810,0.59
"845",2006,"ND",30881137,31553666,1.02
"846",2006,"NE",31669969,21892188,0.69
"847",2006,"NH",22063695,7129695,0.32
"848",2006,"NJ",60700139,20036282,0.33
"849",2006,"NM",37265625,33584652,0.9
"850",2006,"NV",31860022,16750418,0.53
"851",2006,"NY",142265432,51427886,0.36
"852",2006,"OH",155434075,130568196,0.84
"853",2006,"OK",70614880,52932361,0.75
"854",2006,"OR",53340695,7152215,0.13
"855",2006,"PA",218811595,127266307,0.58
"856",2006,"RI",5967725,2526113,0.42
"857",2006,"SC",99267606,41295877,0.42
"858",2006,"SD",7132243,3584251,0.5
"859",2006,"TN",93911102,62150139,0.66
"860",2006,"TX",400582878,260213902,0.65
"861",2006,"UT",41263324,36853317,0.89
"862",2006,"VA",73069537,42523062,0.58
"863",2006,"VT",7084344,10266,0
"864",2006,"WA",108203155,10492872,0.1
"865",2006,"WI",61639843,48997158,0.79
"866",2006,"WV",93815804,86054300,0.92
"867",2006,"WY",45400370,45983654,1.01
"868",2007,"AK",6821392,4343034,0.64
"869",2007,"AL",143826271,88397243,0.61
"870",2007,"AR",54596236,30316395,0.56
"871",2007,"AZ",113340970,56455374,0.5
"872",2007,"CA",210847581,63139829,0.3
"873",2007,"CO",53907492,43571299,0.81
"874",2007,"CT",33171209,10463410,0.32
"875",2007,"DC",75251,86026,1.14
"876",2007,"DE",8534163,7299066,0.86
"877",2007,"FL",225416060,128821854,0.57
"878",2007,"GA",145155158,96436398,0.66
"879",2007,"HI",11533350,9026311,0.78
"880",2007,"IA",49789217,44578702,0.9
"881",2007,"ID",11484091,1284119,0.11
"882",2007,"IL",200260681,106299016,0.53
"883",2007,"IN",130637999,123288064,0.94
"884",2007,"KS",50122196,39577414,0.79
"885",2007,"KY",97225319,93364663,0.96
"886",2007,"LA",92578329,54836301,0.59
"887",2007,"MA",47075975,25759579,0.55
"888",2007,"MD",50197924,31511350,0.63
"889",2007,"ME",16128567,5607730,0.35
"890",2007,"MI",119309936,80228027,0.67
"891",2007,"MN",54477646,38320642,0.7
"892",2007,"MO",91153081,78409747,0.86
"893",2007,"MS",50043686,28004522,0.56
"894",2007,"MT",28931493,20346569,0.7
"895",2007,"NC",130115301,79416549,0.61
"896",2007,"ND",31224105,32280878,1.03
"897",2007,"NE",32442699,20995154,0.65
"898",2007,"NH",23277171,6911897,0.3
"899",2007,"NJ",62671245,20771382,0.33
"900",2007,"NM",35985333,31954967,0.89
"901",2007,"NV",32669736,16908951,0.52
"902",2007,"NY",145878687,53749295,0.37
"903",2007,"OH",155155545,131970371,0.85
"904",2007,"OK",72819095,52068934,0.72
"905",2007,"OR",55077794,10662883,0.19
"906",2007,"PA",226088340,129296769,0.57
"907",2007,"RI",7049844,2961323,0.42
"908",2007,"SC",103402142,42570508,0.41
"909",2007,"SD",6136605,3068692,0.5
"910",2007,"TN",95113409,61600024,0.65
"911",2007,"TX",405492296,257769490,0.64
"912",2007,"UT",45372575,38905860,0.86
"913",2007,"VA",78360507,47218350,0.6
"914",2007,"VT",5823582,10074,0
"915",2007,"WA",106990217,12827173,0.12
"916",2007,"WI",63390630,49591389,0.78
"917",2007,"WV",93933109,87267453,0.93
"918",2007,"WY",45633486,46481436,1.02
"919",2008,"AK",6774834,4376066,0.65
"920",2008,"AL",145869895,83134457,0.57
"921",2008,"AR",55050528,30653294,0.56
"922",2008,"AZ",119459172,58890027,0.49
"923",2008,"CA",207984263,62548568,0.3
"924",2008,"CO",53441594,41659472,0.78
"925",2008,"CT",30409473,9450744,0.31
"926",2008,"DC",72316,69856,0.97
"927",2008,"DE",7523839,6596953,0.88
"928",2008,"FL",219636818,121052472,0.55
"929",2008,"GA",136173395,89749835,0.66
"930",2008,"HI",11376385,9047871,0.8
"931",2008,"IA",53086786,46137372,0.87
"932",2008,"ID",11970553,1016667,0.08
"933",2008,"IL",199475178,106430304,0.53
"934",2008,"IN",129510294,124660268,0.96
"935",2008,"KS",46630321,37314713,0.8
"936",2008,"KY",97863340,94028274,0.96
"937",2008,"LA",92453141,54735872,0.59
"938",2008,"MA",42505478,22263172,0.52
"939",2008,"MD",47360953,29155266,0.62
"940",2008,"ME",17094919,5313540,0.31
"941",2008,"MI",114989806,77467593,0.67
"942",2008,"MN",54763360,36821407,0.67
"943",2008,"MO",91028795,77649675,0.85
"944",2008,"MS",48205711,25920293,0.54
"945",2008,"MT",29637137,20355210,0.69
"946",2008,"NC",125239063,75343792,0.6
"947",2008,"ND",32734579,32887026,1
"948",2008,"NE",32373522,22459515,0.69
"949",2008,"NH",22876992,6782300,0.3
"950",2008,"NJ",63674789,20097110,0.32
"951",2008,"NM",37009837,30898791,0.83
"952",2008,"NV",35089974,18143624,0.52
"953",2008,"NY",140322100,47156701,0.34
"954",2008,"OH",153412251,129060820,0.84
"955",2008,"OK",76328908,53399735,0.7
"956",2008,"OR",58718438,10820524,0.18
"957",2008,"PA",222350925,123997106,0.56
"958",2008,"RI",7387266,2987521,0.4
"959",2008,"SC",100978005,42542764,0.42
"960",2008,"SD",7082672,4038331,0.57
"961",2008,"TN",90663312,58671418,0.65
"962",2008,"TX",404787781,252710224,0.62
"963",2008,"UT",46578763,39380599,0.85
"964",2008,"VA",72678531,41401745,0.57
"965",2008,"VT",6820216,7098,0
"966",2008,"WA",110828451,13686152,0.12
"967",2008,"WI",63479555,49592680,0.78
"968",2008,"WV",91123097,84610180,0.93
"969",2008,"WY",46500448,46837114,1.01
"970",2009,"AK",6702159,4240355,0.63
"971",2009,"AL",143255556,69238676,0.48
"972",2009,"AR",57457739,30427300,0.53
"973",2009,"AZ",111971250,53523638,0.48
"974",2009,"CA",204776132,59427649,0.29
"975",2009,"CO",50565952,38988708,0.77
"976",2009,"CT",31206222,8046088,0.26
"977",2009,"DC",35499,35752,1.01
"978",2009,"DE",4841563,4143250,0.86
"979",2009,"FL",217952308,114853697,0.53
"980",2009,"GA",128698376,77022270,0.6
"981",2009,"HI",11010533,8661378,0.79
"982",2009,"IA",51860063,42977893,0.83
"983",2009,"ID",13100152,1024183,0.08
"984",2009,"IL",193864357,98974783,0.51
"985",2009,"IN",116670280,111112991,0.95
"986",2009,"KS",46677308,36207066,0.78
"987",2009,"KY",90630427,86155115,0.95
"988",2009,"LA",90993676,53225974,0.58
"989",2009,"MA",38966651,19683325,0.51
"990",2009,"MD",43774832,25659043,0.59
"991",2009,"ME",16349849,4714269,0.29
"992",2009,"MI",101202605,73588661,0.73
"993",2009,"MN",52491849,33688934,0.64
"994",2009,"MO",88354272,74715725,0.85
"995",2009,"MS",48701484,23480603,0.48
"996",2009,"MT",26712735,17548159,0.66
"997",2009,"NC",118407403,64845048,0.55
"998",2009,"ND",34196467,32608448,0.95
"999",2009,"NE",34001892,23899471,0.7
"1000",2009,"NH",20164122,5507060,0.27
"1001",2009,"NJ",61811239,16085557,0.26
"1002",2009,"NM",39674339,33502278,0.84
"1003",2009,"NV",37705133,18294514,0.49
"1004",2009,"NY",133150550,38130088,0.29
"1005",2009,"OH",136090225,115065819,0.85
"1006",2009,"OK",75066809,51986033,0.69
"1007",2009,"OR",56690856,9406039,0.17
"1008",2009,"PA",219496144,116621094,0.53
"1009",2009,"RI",7696824,3181021,0.41
"1010",2009,"SC",100125486,38121415,0.38
"1011",2009,"SD",8196531,3510593,0.43
"1012",2009,"TN",79716889,43457828,0.55
"1013",2009,"TX",397167910,242864409,0.61
"1014",2009,"UT",43542946,36517504,0.84
"1015",2009,"VA",70082066,36160554,0.52
"1016",2009,"VT",7282348,6583,0
"1017",2009,"WA",104470133,13525800,0.13
"1018",2009,"WI",59959060,44233260,0.74
"1019",2009,"WV",70782514,65927761,0.93
"1020",2009,"WY",46029212,44683966,0.97
"1021",2010,"AK",6759576,4125052,0.61
"1022",2010,"AL",152150512,79374763,0.52
"1023",2010,"AR",61000185,34018317,0.56
"1024",2010,"AZ",111750957,55683398,0.5
"1025",2010,"CA",204125596,55405832,0.27
"1026",2010,"CO",50720792,40498764,0.8
"1027",2010,"CT",33349623,9201364,0.28
"1028",2010,"DC",199858,190742,0.95
"1029",2010,"DE",5627645,4187304,0.74
"1030",2010,"FL",229095935,123811228,0.54
"1031",2010,"GA",137576941,82591913,0.6
"1032",2010,"HI",10836036,8286666,0.76
"1033",2010,"IA",57508721,47211320,0.82
"1034",2010,"ID",12024564,1213214,0.1
"1035",2010,"IL",201351872,103127834,0.51
"1036",2010,"IN",125180739,116282506,0.93
"1037",2010,"KS",47923762,36320932,0.76
"1038",2010,"KY",98217658,93159570,0.95
"1039",2010,"LA",102884940,58706086,0.57
"1040",2010,"MA",42804824,20291010,0.47
"1041",2010,"MD",43607264,26369386,0.6
"1042",2010,"ME",17018660,4948153,0.29
"1043",2010,"MI",111551371,74479744,0.67
"1044",2010,"MN",53670227,32946107,0.61
"1045",2010,"MO",92312989,78814666,0.85
"1046",2010,"MS",54487260,26845306,0.49
"1047",2010,"MT",29791181,20369529,0.68
"1048",2010,"NC",128678483,73240828,0.57
"1049",2010,"ND",34739542,31063899,0.89
"1050",2010,"NE",36630006,24460746,0.67
"1051",2010,"NH",22195912,5551486,0.25
"1052",2010,"NJ",65682494,19160136,0.29
"1053",2010,"NM",36251542,29378703,0.81
"1054",2010,"NV",35146248,17020408,0.48
"1055",2010,"NY",136961654,41583758,0.3
"1056",2010,"OH",143598337,121963840,0.85
"1057",2010,"OK",72250733,49535558,0.69
"1058",2010,"OR",55126999,10093990,0.18
"1059",2010,"PA",229752306,122829611,0.53
"1060",2010,"RI",7738719,3217071,0.42
"1061",2010,"SC",104153133,41364022,0.4
"1062",2010,"SD",10049636,3611180,0.36
"1063",2010,"TN",82348625,48196067,0.59
"1064",2010,"TX",411695046,251409188,0.61
"1065",2010,"UT",42249355,35519267,0.84
"1066",2010,"VA",72966456,39719081,0.54
"1067",2010,"VT",6619990,8016,0
"1068",2010,"WA",103472729,13983610,0.14
"1069",2010,"WI",64314067,47238443,0.73
"1070",2010,"WV",80788947,74283350,0.92
"1071",2010,"WY",48119254,45702951,0.95
"1072",2011,"AK",6871033,4346700,0.63
"1073",2011,"AL",156339210,76413476,0.49
"1074",2011,"AR",61307536,35925947,0.59
"1075",2011,"AZ",108125357,53535742,0.5
"1076",2011,"CA",200804842,47907869,0.24
"1077",2011,"CO",51432554,39509434,0.77
"1078",2011,"CT",33745221,8196023,0.24
"1079",2011,"DC",200874,175076,0.87
"1080",2011,"DE",6590195,3928280,0.6
"1081",2011,"FL",221894574,114441236,0.52
"1082",2011,"GA",124749341,71368349,0.57
"1083",2011,"HI",10723333,8100019,0.76
"1084",2011,"IA",56371913,43878873,0.78
"1085",2011,"ID",16568786,824805,0.05
"1086",2011,"IL",199499728,100731240,0.5
"1087",2011,"IN",122131414,109608059,0.9
"1088",2011,"KS",45359840,35119242,0.77
"1089",2011,"KY",98350982,92693590,0.94
"1090",2011,"LA",105490737,62680433,0.59
"1091",2011,"MA",38054821,16404480,0.43
"1092",2011,"MD",41818068,23625407,0.56
"1093",2011,"ME",15973688,4351148,0.27
"1094",2011,"MI",109169507,69301421,0.63
"1095",2011,"MN",53120061,32618199,0.61
"1096",2011,"MO",94876397,81427821,0.86
"1097",2011,"MS",51570943,23325979,0.45
"1098",2011,"MT",30128543,17028546,0.57
"1099",2011,"NC",118389855,62797414,0.53
"1100",2011,"ND",35079900,29854996,0.85
"1101",2011,"NE",36095051,27250887,0.75
"1102",2011,"NH",20065941,5126974,0.26
"1103",2011,"NJ",64694096,16916854,0.26
"1104",2011,"NM",38181139,31164190,0.82
"1105",2011,"NV",31935918,14748277,0.46
"1106",2011,"NY",137480347,37255875,0.27
"1107",2011,"OH",135585804,112319677,0.83
"1108",2011,"OK",74605714,51363938,0.69
"1109",2011,"OR",59695164,6721391,0.11
"1110",2011,"PA",227314722,117430264,0.52
"1111",2011,"RI",8722273,3595046,0.41
"1112",2011,"SC",102972567,38720130,0.38
"1113",2011,"SD",11998886,2911400,0.24
"1114",2011,"TN",81103862,45472087,0.56
"1115",2011,"TX",435476924,267464092,0.61
"1116",2011,"UT",40836150,33942547,0.83
"1117",2011,"VA",66670859,32636730,0.49
"1118",2011,"VT",6776219,24004,0
"1119",2011,"WA",115262601,8228901,0.07
"1120",2011,"WI",63289344,46257128,0.73
"1121",2011,"WV",78999624,72203110,0.91
"1122",2011,"WY",47638471,45197424,0.95
"1123",2012,"AK",6946419,4304761,0.62
"1124",2012,"AL",152878688,69106650,0.45
"1125",2012,"AR",65005678,36233904,0.56
"1126",2012,"AZ",110904994,52349639,0.47
"1127",2012,"CA",199518567,59369012,0.3
"1128",2012,"CO",52556701,39925777,0.76
"1129",2012,"CT",36117544,8987089,0.25
"1130",2012,"DC",71787,66115,0.92
"1131",2012,"DE",8633694,4981052,0.58
"1132",2012,"FL",221096136,111236493,0.5
"1133",2012,"GA",122306364,59035062,0.48
"1134",2012,"HI",10469269,7624794,0.73
"1135",2012,"IA",56675406,41266985,0.73
"1136",2012,"ID",15499089,1171935,0.08
"1137",2012,"IL",197565362,94410749,0.48
"1138",2012,"IN",114695729,99773102,0.87
"1139",2012,"KS",44424691,31692844,0.71
"1140",2012,"KY",89949689,85682772,0.95
"1141",2012,"LA",103407706,60182144,0.58
"1142",2012,"MA",35578421,14346389,0.4
"1143",2012,"MD",37809744,20696656,0.55
"1144",2012,"ME",15048296,3722435,0.25
"1145",2012,"MI",108158050,67876595,0.63
"1146",2012,"MN",52754433,28493816,0.54
"1147",2012,"MO",91804321,75544686,0.82
"1148",2012,"MS",54584295,24284840,0.44
"1149",2012,"MT",27804782,16024096,0.58
"1150",2012,"NC",116681763,57923827,0.5
"1151",2012,"ND",36125159,30934049,0.86
"1152",2012,"NE",34217292,26467486,0.77
"1153",2012,"NH",19222319,4294558,0.22
"1154",2012,"NJ",65263408,16120331,0.25
"1155",2012,"NM",36635909,29162551,0.8
"1156",2012,"NV",35173263,14929193,0.42
"1157",2012,"NY",135768244,35668748,0.26
"1158",2012,"OH",129745731,95522904,0.74
"1159",2012,"OK",77896588,49186422,0.63
"1160",2012,"OR",60932730,7365189,0.12
"1161",2012,"PA",223419715,109996697,0.49
"1162",2012,"RI",8309036,3403402,0.41
"1163",2012,"SC",96755682,34237555,0.35
"1164",2012,"SD",11473397,3268899,0.28
"1165",2012,"TN",77724264,41740957,0.54
"1166",2012,"TX",429812510,253689271,0.59
"1167",2012,"UT",39402961,32484028,0.82
"1168",2012,"VA",70739235,29223189,0.41
"1169",2012,"VT",6611786,12292,0
"1170",2012,"WA",116835473,6989976,0.06
"1171",2012,"WI",63750938,41196428,0.65
"1172",2012,"WV",73413405,67203074,0.92
"1173",2012,"WY",49588606,47463359,0.96
"1174",2013,"AK",6496822,3768237,0.58
"1175",2013,"AL",150572924,66986027,0.44
"1176",2013,"AR",60322492,37345580,0.62
"1177",2013,"AZ",113325986,55342134,0.49
"1178",2013,"CA",200077115,57323347,0.29
"1179",2013,"CO",52937436,39387317,0.74
"1180",2013,"CT",35610789,8726388,0.25
"1181",2013,"DC",65852,48726,0.74
"1182",2013,"DE",7760861,4721744,0.61
"1183",2013,"FL",222398924,108826746,0.49
"1184",2013,"GA",120953734,56812143,0.47
"1185",2013,"HI",10267052,7428187,0.72
"1186",2013,"IA",56670757,39174823,0.69
"1187",2013,"ID",15186128,1941753,0.13
"1188",2013,"IL",203004919,97812108,0.48
"1189",2013,"IN",110403477,99950588,0.91
"1190",2013,"KS",48472581,33125351,0.68
"1191",2013,"KY",89741021,85303874,0.95
"1192",2013,"LA",102010177,58273713,0.57
"1193",2013,"MA",32885021,14735029,0.45
"1194",2013,"MD",35850812,18949736,0.53
"1195",2013,"ME",14030038,3675406,0.26
"1196",2013,"MI",105417801,67192653,0.64
"1197",2013,"MN",51296988,29255384,0.57
"1198",2013,"MO",91626593,78344459,0.86
"1199",2013,"MS",52810264,22633396,0.43
"1200",2013,"MT",27687326,16950683,0.61
"1201",2013,"NC",125936293,56939516,0.45
"1202",2013,"ND",35021673,30274035,0.86
"1203",2013,"NE",37104628,28042902,0.76
"1204",2013,"NH",19778520,3447455,0.17
"1205",2013,"NJ",64750942,15788845,0.24
"1206",2013,"NM",35870965,28534704,0.8
"1207",2013,"NV",36443874,15690455,0.43
"1208",2013,"NY",136116830,33456396,0.25
"1209",2013,"OH",137284189,102465700,0.75
"1210",2013,"OK",73673680,46267826,0.63
"1211",2013,"OR",59895515,9499795,0.16
"1212",2013,"PA",226785630,108729048,0.48
"1213",2013,"RI",6246807,2837800,0.45
"1214",2013,"SC",95249894,28809424,0.3
"1215",2013,"SD",10108887,3227772,0.32
"1216",2013,"TN",79651619,38117748,0.48
"1217",2013,"TX",433380166,257464594,0.59
"1218",2013,"UT",42516751,35698707,0.84
"1219",2013,"VA",76896565,34686454,0.45
"1220",2013,"VT",6884910,14632,0
"1221",2013,"WA",114172916,12542551,0.11
"1222",2013,"WI",65962792,47686076,0.72
"1223",2013,"WV",75863067,68861856,0.91
"1224",2013,"WY",52483065,50686615,0.97
"1225",2014,"AK",6042830,3557651,0.59
"1226",2014,"AL",149340447,67634537,0.45
"1227",2014,"AR",61592137,37288600,0.61
"1228",2014,"AZ",112257187,53684080,0.48
"1229",2014,"CA",198807622,57506565,0.29
"1230",2014,"CO",53847386,38473611,0.71
"1231",2014,"CT",33676980,8452346,0.25
"1232",2014,"DC",67612,48396,0.72
"1233",2014,"DE",7703584,4276415,0.56
"1234",2014,"FL",230015937,113145692,0.49
"1235",2014,"GA",125837224,62515953,0.5
"1236",2014,"HI",10204158,7447999,0.73
"1237",2014,"IA",56853282,39312084,0.69
"1238",2014,"ID",15184417,1491553,0.1
"1239",2014,"IL",202143878,96624058,0.48
"1240",2014,"IN",115395392,104635599,0.91
"1241",2014,"KS",49728363,31793540,0.64
"1242",2014,"KY",90896435,85795039,0.94
"1243",2014,"LA",104229402,57136509,0.55
"1244",2014,"MA",31118591,12917109,0.42
"1245",2014,"MD",37833652,20701175,0.55
"1246",2014,"ME",13248710,3402910,0.26
"1247",2014,"MI",106816991,64263795,0.6
"1248",2014,"MN",56998330,32677491,0.57
"1249",2014,"MO",87834468,75735094,0.86
"1250",2014,"MS",55127092,24037348,0.44
"1251",2014,"MT",30257616,17677641,0.58
"1252",2014,"NC",128143588,58578033,0.46
"1253",2014,"ND",36462508,30419692,0.83
"1254",2014,"NE",39431291,26348032,0.67
"1255",2014,"NH",19538395,3457841,0.18
"1256",2014,"NJ",68051086,18363585,0.27
"1257",2014,"NM",32306210,24712461,0.76
"1258",2014,"NV",36000537,16221708,0.45
"1259",2014,"NY",137122202,34072093,0.25
"1260",2014,"OH",134476405,98650334,0.73
"1261",2014,"OK",70155504,44062605,0.63
"1262",2014,"OR",60119907,8369747,0.14
"1263",2014,"PA",221058365,102021683,0.46
"1264",2014,"RI",6281748,2565962,0.41
"1265",2014,"SC",97158465,33082757,0.34
"1266",2014,"SD",10995240,3093416,0.28
"1267",2014,"TN",79506886,41405218,0.52
"1268",2014,"TX",437629668,254487638,0.58
"1269",2014,"UT",43784526,35204487,0.8
"1270",2014,"VA",77137438,33733804,0.44
"1271",2014,"VT",7031394,13785,0
"1272",2014,"WA",116334363,12484332,0.11
"1273",2014,"WI",61064796,43759905,0.72
"1274",2014,"WV",81059577,73605609,0.91
"1275",2014,"WY",49696183,47336758,0.95
"1276",2015,"AK",6284937,3676457,0.58
"1277",2015,"AL",152477427,64441792,0.42
"1278",2015,"AR",55559428,28587194,0.51
"1279",2015,"AZ",113142048,50201162,0.44
"1280",2015,"CA",196703858,55481281,0.28
"1281",2015,"CO",52393077,37413300,0.71
"1282",2015,"CT",37470622,9049007,0.24
"1283",2015,"DC",53750,35601,0.66
"1284",2015,"DE",7810006,4090991,0.52
"1285",2015,"FL",237412633,111863160,0.47
"1286",2015,"GA",128817898,59273980,0.46
"1287",2015,"HI",10119500,7356049,0.73
"1288",2015,"IA",56658918,35042903,0.62
"1289",2015,"ID",15667095,1865710,0.12
"1290",2015,"IL",193952040,84274845,0.43
"1291",2015,"IN",104019275,89045157,0.86
"1292",2015,"KS",45527124,27341044,0.6
"1293",2015,"KY",83543671,76427297,0.91
"1294",2015,"LA",107812354,56298932,0.52
"1295",2015,"MA",32085969,13421709,0.42
"1296",2015,"MD",36365544,18314105,0.5
"1297",2015,"ME",11741265,2955775,0.25
"1298",2015,"MI",113008050,67119277,0.59
"1299",2015,"MN",56979768,30307101,0.53
"1300",2015,"MO",83640067,67995334,0.81
"1301",2015,"MS",64757864,25170683,0.39
"1302",2015,"MT",29302401,18135505,0.62
"1303",2015,"NC",128388445,53824140,0.42
"1304",2015,"ND",37156612,31245513,0.84
"1305",2015,"NE",39883391,25325783,0.63
"1306",2015,"NH",20015893,3653432,0.18
"1307",2015,"NJ",74608860,19427201,0.26
"1308",2015,"NM",32701398,24849830,0.76
"1309",2015,"NV",39046784,14752014,0.38
"1310",2015,"NY",138627721,32730725,0.24
"1311",2015,"OH",121893401,83722399,0.69
"1312",2015,"OK",76135596,41626050,0.55
"1313",2015,"OR",57866535,8986600,0.16
"1314",2015,"PA",214572291,90972612,0.42
"1315",2015,"RI",6939019,2873636,0.41
"1316",2015,"SC",96532213,29848999,0.31
"1317",2015,"SD",9633033,1941252,0.2
"1318",2015,"TN",75214636,37977033,0.5
"1319",2015,"TX",449826336,243386106,0.54
"1320",2015,"UT",41949120,33688196,0.8
"1321",2015,"VA",84411592,34897976,0.41
"1322",2015,"VT",1982047,11084,0.01
"1323",2015,"WA",109287458,11586243,0.11
"1324",2015,"WI",66360183,45194700,0.68
"1325",2015,"WV",72295269,66269845,0.92
"1326",2015,"WY",48966519,47475543,0.97
